{
  "_meta": {
    "company": "Hulmose Stilladser ApS",
    "template": "hulmose",
    "currency": "DKK",
    "source": "app/dataset.js (BOSTA/HAKI/MODEX/ALFIX*)",
    "generated": "2025-10-31",
    "admin_code": "3fd932ed5c3da33973a205e2b111718537bd089e6516eb077cbc6176b5b6db0d",
    "systems": [
      "BOSTA70",
      "HAKI",
      "MODEX",
      "ALFIX"
    ]
  },
  "pay": {
    "base_wage_hourly": 147,
    "allowances_per_hour": {
      "udd1": 42.98,
      "udd2": 49.38,
      "mentor": 22.26
    },
    "overtime_multipliers": {
      "weekday": 1.5,
      "weekend": 2
    }
  },
  "transport_rules": {
    "included_distance_m": 15,
    "tiers": [
      {
        "from_m": 15,
        "to_m": 55,
        "step_m": 10,
        "percent": 7
      },
      {
        "from_m": 55,
        "step_m": 20,
        "percent": 7
      }
    ],
    "notes": "HP3 Provinsen (transport) – kan justeres i admin"
  },
  "roles": {
    "chef": [
      "approve",
      "reject",
      "send",
      "edit"
    ],
    "kontor": [
      "approve",
      "reject",
      "send",
      "edit",
      "administer"
    ],
    "formand": [
      "approve",
      "reject",
      "send"
    ],
    "arbejder": [
      "send"
    ]
  },
  "price_table": {
    "B001": 2.675425,
    "B002": 2.675425,
    "B003": 4.4305038,
    "B004": 1.77,
    "B005": 16.7053537,
    "B006": 16.7053537,
    "B007": 16.7053537,
    "B008": 16.7053537,
    "B009": 16.7053537,
    "B010": 16.7053537,
    "B011": 12.5316907,
    "B012": 12.5316907,
    "B013": 8.35,
    "B014": 8.35,
    "B015": 8.35,
    "B016": 8.35,
    "B017": 6.2604945,
    "B018": 6.2604945,
    "B019": 4.18,
    "B020": 4.18,
    "B021": 20.8790167,
    "B022": 16.7053537,
    "B023": 12.5316907,
    "B024": 15.66,
    "B025": 10.4448592,
    "B026": 8.35,
    "B027": 4.5054157,
    "B028": 4.5054157,
    "B029": 2.8634,
    "B030": 9.3960926,
    "B031": 9.3960926,
    "B032": 3.13,
    "B033": 3.13,
    "B034": 3.9243,
    "B035": 3.9243,
    "B036": 5.2224296,
    "B037": 3.13,
    "B038": 6.2604945,
    "B039": 16.7053537,
    "B040": 16.7053537,
    "B041": 8.35,
    "B042": 27.5568775,
    "B043": 19.2844634,
    "B044": 15.1536072,
    "B045": 11.03,
    "B046": 9.3960926,
    "B047": 8.35,
    "B048": 8.35,
    "B049": 6.2604945,
    "B050": 6.2604945,
    "B051": 27.99,
    "B052": 27.99,
    "B053": 27.99,
    "B054": 27.99,
    "B055": 15.1536072,
    "B056": 17.12,
    "B057": 3.9917341,
    "B058": 15.1536072,
    "B059": 3.9917341,
    "B060": 14.26,
    "B061": 3.9917341,
    "B062": 3.9917341,
    "B063": 3.9917341,
    "B064": 3.9917341,
    "B065": 3.9917341,
    "B066": 3.9917341,
    "B067": 5.5113755,
    "B068": 11.022751,
    "B069": 16.5341265,
    "B070": 22.04,
    "B071": 27.55,
    "B072": 33.063,
    "B073": 23.94,
    "B074": 14.6185222,
    "B075": 14.6185222,
    "B076": 18.7921852,
    "B077": 9.7335,
    "B078": 5.15,
    "B079": 4.1308562,
    "B080": 51.2219,
    "B081": 13.3878267,
    "B082": 44.8615264,
    "B083": 38.9862931,
    "B084": 38.9855,
    "B085": 15.1204,
    "B086": 2.8466522,
    "B087": 6.8383863,
    "B088": 303.0828457,
    "B089": 153.07,
    "B090": 6.1491,
    "B091": 6.8276846,
    "B092": 8.2082039,
    "B093": 12.26,
    "B094": 21.424,
    "B095": 10.33,
    "B096": 6.28,
    "B097": 3.45,
    "B098": 9.67,
    "B099": 11.49,
    "B100": 4.7,
    "B101": 2.12,
    "B102": 42.98,
    "B103": 49.38,
    "B104": 22.26,
    "H001": 2.68,
    "H002": 3.04427,
    "H003": 1.77,
    "H004": 25.05,
    "H005": 16.7,
    "H006": 12.53,
    "H007": 8.35,
    "H008": 4.18,
    "H009": 17.75,
    "H010": 16.71,
    "H011": 6.26,
    "H012": 6.26,
    "H013": 5.22,
    "H014": 5.22,
    "H015": 5.22,
    "H016": 2.85,
    "H017": 6.84,
    "H018": 5.22,
    "H019": 3.92,
    "H020": 3.92,
    "H021": 3.13,
    "H022": 3.13,
    "H023": 51.35,
    "H024": 13.39,
    "H025": 14.62,
    "H026": 14.62,
    "H027": 18.79,
    "H028": 5.51,
    "H029": 11.02,
    "H030": 16.53,
    "H031": 22.04,
    "H032": 27.55,
    "H033": 33.94,
    "H034": 23.94,
    "H035": 17.12,
    "H036": 9.4,
    "H037": 9.4,
    "H038": 10.44,
    "H039": 14.62,
    "H040": 10.44,
    "H041": 9.4,
    "H042": 1.14,
    "H043": 4.51,
    "H044": 38.99,
    "H045": 38.99,
    "H046": 3.99,
    "H047": 3.99,
    "H048": 3.99,
    "H049": 3.99,
    "H050": 3.99,
    "H051": 3.99,
    "H052": 6.26,
    "H053": 5.15,
    "H054": 9.73,
    "H055": 6.15,
    "H056": 10.33,
    "H057": 6.28,
    "H058": 303.08,
    "H059": 153.07,
    "H060": 3.45,
    "H061": 9.67,
    "H062": 11.49,
    "H063": 4.7,
    "H064": 2.12,
    "H065": 42.98,
    "H066": 49.38,
    "H067": 22.26,
    "M001": 2.68,
    "M002": 4.18,
    "M003": 25.05,
    "M004": 16.7,
    "M005": 12.53,
    "M006": 8.35,
    "M007": 9.4,
    "M008": 6.26,
    "M009": 6.25,
    "M010": 5.23,
    "M011": 5.22,
    "M012": 5.22,
    "M013": 5.22,
    "M014": 5.22,
    "M015": 5.22,
    "M016": 3.99,
    "M017": 3.99,
    "M018": 9.4,
    "M019": 9.4,
    "M020": 9.4,
    "M021": 9.4,
    "M022": 9.4,
    "M023": 9.4,
    "M024": 8.35,
    "M025": 8.35,
    "M026": 6.26,
    "M027": 6.26,
    "M028": 20.88,
    "M029": 16.71,
    "M030": 12.53,
    "M031": 15.66,
    "M032": 10.44,
    "M033": 8.35,
    "M034": 6.26,
    "M035": 6.26,
    "M036": 6.26,
    "M037": 16.71,
    "M038": 12.53,
    "M039": 12.53,
    "M040": 8.35,
    "M041": 8.35,
    "M042": 8.35,
    "M043": 5.51,
    "M044": 11.02,
    "M045": 16.53,
    "M046": 22.04,
    "M047": 27.55,
    "M048": 33.06,
    "M049": 23.94,
    "M050": 16.71,
    "M051": 17.53,
    "M052": 51.33,
    "M053": 13.39,
    "M054": 3.99,
    "M055": 3.99,
    "M056": 3.99,
    "M057": 3.99,
    "M058": 3.99,
    "M059": 3.99,
    "M060": 14.62,
    "M061": 14.62,
    "M062": 18.79,
    "M063": 1.77,
    "M064": 17.12,
    "M065": 5.15,
    "M066": 9.73,
    "M067": 4.51,
    "M068": 3.45,
    "M069": 9.67,
    "M070": 11.49,
    "M071": 4.7,
    "M072": 2.12,
    "M073": 42.98,
    "M074": 49.38,
    "M075": 22.26,
    "A001": 0,
    "A002": 0,
    "A003": 0,
    "A004": 0,
    "A005": 0,
    "A006": 0,
    "A007": 0,
    "A008": 0,
    "A009": 0,
    "A010": 0
  },
  "items": [
    {
      "code": "B001",
      "system": "BOSTA70",
      "name": "Spindelfod kort",
      "unit": "stk",
      "price": 2.675425
    },
    {
      "code": "B002",
      "system": "BOSTA70",
      "name": "Spindelfod lang",
      "unit": "stk",
      "price": 2.675425
    },
    {
      "code": "B003",
      "system": "BOSTA70",
      "name": "Vippefod",
      "unit": "stk",
      "price": 4.4305038
    },
    {
      "code": "B004",
      "system": "BOSTA70",
      "name": "Strø / trykudligner",
      "unit": "stk",
      "price": 1.77
    },
    {
      "code": "B005",
      "system": "BOSTA70",
      "name": "Ramme 200/70",
      "unit": "stk",
      "price": 16.7053537
    },
    {
      "code": "B006",
      "system": "BOSTA70",
      "name": "Ramme 150/70",
      "unit": "stk",
      "price": 16.7053537
    },
    {
      "code": "B007",
      "system": "BOSTA70",
      "name": "Ramme 100/70",
      "unit": "stk",
      "price": 16.7053537
    },
    {
      "code": "B008",
      "system": "BOSTA70",
      "name": "Ramme 80/70",
      "unit": "stk",
      "price": 16.7053537
    },
    {
      "code": "B009",
      "system": "BOSTA70",
      "name": "Ramme 66/70",
      "unit": "stk",
      "price": 16.7053537
    },
    {
      "code": "B010",
      "system": "BOSTA70",
      "name": "Gulvplade 300/70",
      "unit": "stk",
      "price": 16.7053537
    },
    {
      "code": "B011",
      "system": "BOSTA70",
      "name": "Gulvplade 250/70",
      "unit": "stk",
      "price": 12.5316907
    },
    {
      "code": "B012",
      "system": "BOSTA70",
      "name": "Gulvplade 200/70",
      "unit": "stk",
      "price": 12.5316907
    },
    {
      "code": "B013",
      "system": "BOSTA70",
      "name": "Gulvplade 150/70",
      "unit": "stk",
      "price": 8.35
    },
    {
      "code": "B014",
      "system": "BOSTA70",
      "name": "Gulvplade 125/70",
      "unit": "stk",
      "price": 8.35
    },
    {
      "code": "B015",
      "system": "BOSTA70",
      "name": "Gulvplade 70/70",
      "unit": "stk",
      "price": 8.35
    },
    {
      "code": "B016",
      "system": "BOSTA70",
      "name": "Gulvplade 300/35",
      "unit": "stk",
      "price": 8.35
    },
    {
      "code": "B017",
      "system": "BOSTA70",
      "name": "Gulvplade 250/35",
      "unit": "stk",
      "price": 6.2604945
    },
    {
      "code": "B018",
      "system": "BOSTA70",
      "name": "Gulvplade 200/35",
      "unit": "stk",
      "price": 6.2604945
    },
    {
      "code": "B019",
      "system": "BOSTA70",
      "name": "Gulvplade 150/35",
      "unit": "stk",
      "price": 4.18
    },
    {
      "code": "B020",
      "system": "BOSTA70",
      "name": "Gulvplade 125/35",
      "unit": "stk",
      "price": 4.18
    },
    {
      "code": "B021",
      "system": "BOSTA70",
      "name": "Stigedæk 300/70",
      "unit": "stk",
      "price": 20.8790167
    },
    {
      "code": "B022",
      "system": "BOSTA70",
      "name": "Stigedæk 250/70",
      "unit": "stk",
      "price": 16.7053537
    },
    {
      "code": "B023",
      "system": "BOSTA70",
      "name": "Stigedæk 200/70",
      "unit": "stk",
      "price": 12.5316907
    },
    {
      "code": "B024",
      "system": "BOSTA70",
      "name": "Ståldæk 300/35",
      "unit": "stk",
      "price": 15.66
    },
    {
      "code": "B025",
      "system": "BOSTA70",
      "name": "Ståldæk 250/35",
      "unit": "stk",
      "price": 10.4448592
    },
    {
      "code": "B026",
      "system": "BOSTA70",
      "name": "Ståldæk 200/35",
      "unit": "stk",
      "price": 8.35
    },
    {
      "code": "B027",
      "system": "BOSTA70",
      "name": "Stige 200",
      "unit": "stk",
      "price": 4.5054157
    },
    {
      "code": "B028",
      "system": "BOSTA70",
      "name": "Stige 300",
      "unit": "stk",
      "price": 4.5054157
    },
    {
      "code": "B029",
      "system": "BOSTA70",
      "name": "Stigestøtte",
      "unit": "stk",
      "price": 2.8634
    },
    {
      "code": "B030",
      "system": "BOSTA70",
      "name": "Diagonaler 200",
      "unit": "stk",
      "price": 9.3960926
    },
    {
      "code": "B031",
      "system": "BOSTA70",
      "name": "Diagonaler 203",
      "unit": "stk",
      "price": 9.3960926
    },
    {
      "code": "B032",
      "system": "BOSTA70",
      "name": "Gelænder 125",
      "unit": "stk",
      "price": 3.13
    },
    {
      "code": "B033",
      "system": "BOSTA70",
      "name": "Gelænder 150",
      "unit": "stk",
      "price": 3.13
    },
    {
      "code": "B034",
      "system": "BOSTA70",
      "name": "Gelænder 200",
      "unit": "stk",
      "price": 3.9243
    },
    {
      "code": "B035",
      "system": "BOSTA70",
      "name": "Gelænder 250",
      "unit": "stk",
      "price": 3.9243
    },
    {
      "code": "B036",
      "system": "BOSTA70",
      "name": "Gelænder 300",
      "unit": "stk",
      "price": 5.2224296
    },
    {
      "code": "B037",
      "system": "BOSTA70",
      "name": "Tvær Gel. 70",
      "unit": "stk",
      "price": 3.13
    },
    {
      "code": "B038",
      "system": "BOSTA70",
      "name": "Dob. Tværgelænder",
      "unit": "stk",
      "price": 6.2604945
    },
    {
      "code": "B039",
      "system": "BOSTA70",
      "name": "Dob. G",
      "unit": "stk",
      "price": 16.7053537
    },
    {
      "code": "B040",
      "system": "BOSTA70",
      "name": "L Rør",
      "unit": "stk",
      "price": 16.7053537
    },
    {
      "code": "B041",
      "system": "BOSTA70",
      "name": "B Rør",
      "unit": "stk",
      "price": 8.35
    },
    {
      "code": "B042",
      "system": "BOSTA70",
      "name": "Konsol 140",
      "unit": "stk",
      "price": 27.5568775
    },
    {
      "code": "B043",
      "system": "BOSTA70",
      "name": "Konsol 100",
      "unit": "stk",
      "price": 19.2844634
    },
    {
      "code": "B044",
      "system": "BOSTA70",
      "name": "Konsol 70",
      "unit": "stk",
      "price": 15.1536072
    },
    {
      "code": "B045",
      "system": "BOSTA70",
      "name": "Konsol 35",
      "unit": "stk",
      "price": 11.03
    },
    {
      "code": "B046",
      "system": "BOSTA70",
      "name": "Fodspark 300",
      "unit": "stk",
      "price": 9.3960926
    },
    {
      "code": "B047",
      "system": "BOSTA70",
      "name": "Fodspark 250",
      "unit": "stk",
      "price": 8.35
    },
    {
      "code": "B048",
      "system": "BOSTA70",
      "name": "Fodspark 200",
      "unit": "stk",
      "price": 8.35
    },
    {
      "code": "B049",
      "system": "BOSTA70",
      "name": "Fodspark 150",
      "unit": "stk",
      "price": 6.2604945
    },
    {
      "code": "B050",
      "system": "BOSTA70",
      "name": "Fodspark 125",
      "unit": "stk",
      "price": 6.2604945
    },
    {
      "code": "B051",
      "system": "BOSTA70",
      "name": "Kanthæk 300",
      "unit": "stk",
      "price": 27.99
    },
    {
      "code": "B052",
      "system": "BOSTA70",
      "name": "Kanthæk 250",
      "unit": "stk",
      "price": 27.99
    },
    {
      "code": "B053",
      "system": "BOSTA70",
      "name": "Kanthæk 200",
      "unit": "stk",
      "price": 27.99
    },
    {
      "code": "B054",
      "system": "BOSTA70",
      "name": "Kanthæk 70",
      "unit": "stk",
      "price": 27.99
    },
    {
      "code": "B055",
      "system": "BOSTA70",
      "name": "Tværprofil aludr.",
      "unit": "stk",
      "price": 15.1536072
    },
    {
      "code": "B056",
      "system": "BOSTA70",
      "name": "Alu. Drager pr. m.",
      "unit": "stk",
      "price": 17.12
    },
    {
      "code": "B057",
      "system": "BOSTA70",
      "name": "Gelændertvinge",
      "unit": "stk",
      "price": 3.9917341
    },
    {
      "code": "B058",
      "system": "BOSTA70",
      "name": "Tværprofin ram.",
      "unit": "stk",
      "price": 15.1536072
    },
    {
      "code": "B059",
      "system": "BOSTA70",
      "name": "Dæklås",
      "unit": "stk",
      "price": 3.9917341
    },
    {
      "code": "B060",
      "system": "BOSTA70",
      "name": "Samlerør til aludr.",
      "unit": "stk",
      "price": 14.26
    },
    {
      "code": "B061",
      "system": "BOSTA70",
      "name": "Flapper/Singel",
      "unit": "stk",
      "price": 3.9917341
    },
    {
      "code": "B062",
      "system": "BOSTA70",
      "name": "Fastkobling",
      "unit": "stk",
      "price": 3.9917341
    },
    {
      "code": "B063",
      "system": "BOSTA70",
      "name": "Drejekobling",
      "unit": "stk",
      "price": 3.9917341
    },
    {
      "code": "B064",
      "system": "BOSTA70",
      "name": "Kipfingerkobling",
      "unit": "stk",
      "price": 3.9917341
    },
    {
      "code": "B065",
      "system": "BOSTA70",
      "name": "SK Kobling",
      "unit": "stk",
      "price": 3.9917341
    },
    {
      "code": "B066",
      "system": "BOSTA70",
      "name": "Rørsamler",
      "unit": "stk",
      "price": 3.9917341
    },
    {
      "code": "B067",
      "system": "BOSTA70",
      "name": "Stilladsrør 1M",
      "unit": "stk",
      "price": 5.5113755
    },
    {
      "code": "B068",
      "system": "BOSTA70",
      "name": "Stilladsrør 2M",
      "unit": "stk",
      "price": 11.022751
    },
    {
      "code": "B069",
      "system": "BOSTA70",
      "name": "Stilladsrør 3M",
      "unit": "stk",
      "price": 16.5341265
    },
    {
      "code": "B070",
      "system": "BOSTA70",
      "name": "Stilladsrør 4M",
      "unit": "stk",
      "price": 22.04
    },
    {
      "code": "B071",
      "system": "BOSTA70",
      "name": "Stilladsrør 5M",
      "unit": "stk",
      "price": 27.55
    },
    {
      "code": "B072",
      "system": "BOSTA70",
      "name": "Stilladsrør 6M",
      "unit": "stk",
      "price": 33.063
    },
    {
      "code": "B073",
      "system": "BOSTA70",
      "name": "Stilladsrør 6M alu",
      "unit": "stk",
      "price": 23.94
    },
    {
      "code": "B074",
      "system": "BOSTA70",
      "name": "Bøjleanker",
      "unit": "stk",
      "price": 14.6185222
    },
    {
      "code": "B075",
      "system": "BOSTA70",
      "name": "Rør anker alu",
      "unit": "stk",
      "price": 14.6185222
    },
    {
      "code": "B076",
      "system": "BOSTA70",
      "name": "Rør anker stål",
      "unit": "stk",
      "price": 18.7921852
    },
    {
      "code": "B077",
      "system": "BOSTA70",
      "name": "Reklameskilt",
      "unit": "stk",
      "price": 9.7335
    },
    {
      "code": "B078",
      "system": "BOSTA70",
      "name": "Grøn skilt",
      "unit": "stk",
      "price": 5.15
    },
    {
      "code": "B079",
      "system": "BOSTA70",
      "name": "Startprofil til trappe",
      "unit": "stk",
      "price": 4.1308562
    },
    {
      "code": "B080",
      "system": "BOSTA70",
      "name": "Alu trappeløb",
      "unit": "stk",
      "price": 51.2219
    },
    {
      "code": "B081",
      "system": "BOSTA70",
      "name": "Gelænder trpl",
      "unit": "stk",
      "price": 13.3878267
    },
    {
      "code": "B082",
      "system": "BOSTA70",
      "name": "Dobb bundramme",
      "unit": "stk",
      "price": 44.8615264
    },
    {
      "code": "B083",
      "system": "BOSTA70",
      "name": "Tragt",
      "unit": "stk",
      "price": 38.9862931
    },
    {
      "code": "B084",
      "system": "BOSTA70",
      "name": "Skaktrør",
      "unit": "stk",
      "price": 38.9855
    },
    {
      "code": "B085",
      "system": "BOSTA70",
      "name": "Alu.bro pr. m",
      "unit": "stk",
      "price": 15.1204
    },
    {
      "code": "B086",
      "system": "BOSTA70",
      "name": "Net pr kvm",
      "unit": "stk",
      "price": 2.8466522
    },
    {
      "code": "B087",
      "system": "BOSTA70",
      "name": "Plast pr kvm",
      "unit": "stk",
      "price": 6.8383863
    },
    {
      "code": "B088",
      "system": "BOSTA70",
      "name": "Geda hejs",
      "unit": "stk",
      "price": 303.0828457
    },
    {
      "code": "B089",
      "system": "BOSTA70",
      "name": "El hejs",
      "unit": "stk",
      "price": 153.07
    },
    {
      "code": "B090",
      "system": "BOSTA70",
      "name": "Kegle u.fod",
      "unit": "stk",
      "price": 6.1491
    },
    {
      "code": "B091",
      "system": "BOSTA70",
      "name": "Kirkefod",
      "unit": "stk",
      "price": 6.8276846
    },
    {
      "code": "B092",
      "system": "BOSTA70",
      "name": "Plader pr kvm",
      "unit": "stk",
      "price": 8.2082039
    },
    {
      "code": "B093",
      "system": "BOSTA70",
      "name": "Planker    M",
      "unit": "stk",
      "price": 12.26
    },
    {
      "code": "B094",
      "system": "BOSTA70",
      "name": "Hjulkonsoller",
      "unit": "stk",
      "price": 21.424
    },
    {
      "code": "B095",
      "system": "BOSTA70",
      "name": "Kegle m. fod",
      "unit": "stk",
      "price": 10.33
    },
    {
      "code": "B096",
      "system": "BOSTA70",
      "name": "Bræt rød/hvid",
      "unit": "stk",
      "price": 6.28
    },
    {
      "code": "B097",
      "system": "BOSTA70",
      "name": "Luk af hul",
      "unit": "stk",
      "price": 3.45
    },
    {
      "code": "B098",
      "system": "BOSTA70",
      "name": "Opskydeligt rækværk",
      "unit": "stk",
      "price": 9.67
    },
    {
      "code": "B099",
      "system": "BOSTA70",
      "name": "Borring i beton",
      "unit": "stk",
      "price": 11.49
    },
    {
      "code": "B100",
      "system": "BOSTA70",
      "name": "Huller",
      "unit": "stk",
      "price": 4.7
    },
    {
      "code": "B101",
      "system": "BOSTA70",
      "name": "Km.",
      "unit": "stk",
      "price": 2.12
    },
    {
      "code": "B102",
      "system": "BOSTA70",
      "name": "Udd. tillæg 1",
      "unit": "stk",
      "price": 42.98
    },
    {
      "code": "B103",
      "system": "BOSTA70",
      "name": "Udd. tillæg 2",
      "unit": "stk",
      "price": 49.38
    },
    {
      "code": "B104",
      "system": "BOSTA70",
      "name": "Mentortillæg",
      "unit": "stk",
      "price": 22.26
    },
    {
      "code": "H001",
      "system": "HAKI",
      "name": "Spindelfod kort",
      "unit": "stk",
      "price": 2.68
    },
    {
      "code": "H002",
      "system": "HAKI",
      "name": "BPF Fodsokkel",
      "unit": "stk",
      "price": 3.04427
    },
    {
      "code": "H003",
      "system": "HAKI",
      "name": "Strø / trykudligner",
      "unit": "stk",
      "price": 1.77
    },
    {
      "code": "H004",
      "system": "HAKI",
      "name": "FS 3,0 m Søjle",
      "unit": "stk",
      "price": 25.05
    },
    {
      "code": "H005",
      "system": "HAKI",
      "name": "FS 2,0 m Søjle",
      "unit": "stk",
      "price": 16.7
    },
    {
      "code": "H006",
      "system": "HAKI",
      "name": "FS 1,5 m Søjle",
      "unit": "stk",
      "price": 12.53
    },
    {
      "code": "H007",
      "system": "HAKI",
      "name": "FS 1.0 m Søjle",
      "unit": "stk",
      "price": 8.35
    },
    {
      "code": "H008",
      "system": "HAKI",
      "name": "FS 0,5 m Søjle",
      "unit": "stk",
      "price": 4.18
    },
    {
      "code": "H009",
      "system": "HAKI",
      "name": "LB 3,0 m bjælke",
      "unit": "stk",
      "price": 17.75
    },
    {
      "code": "H010",
      "system": "HAKI",
      "name": "LB 2,5 m bjælke",
      "unit": "stk",
      "price": 16.71
    },
    {
      "code": "H011",
      "system": "HAKI",
      "name": "TB 1,9 m bjælke",
      "unit": "stk",
      "price": 6.26
    },
    {
      "code": "H012",
      "system": "HAKI",
      "name": "TB 1,6 m bjælke",
      "unit": "stk",
      "price": 6.26
    },
    {
      "code": "H013",
      "system": "HAKI",
      "name": "TB 1,2 m bjælke",
      "unit": "stk",
      "price": 5.22
    },
    {
      "code": "H014",
      "system": "HAKI",
      "name": "TB 1,0 m bjælke",
      "unit": "stk",
      "price": 5.22
    },
    {
      "code": "H015",
      "system": "HAKI",
      "name": "TB 0,5 m bjælke",
      "unit": "stk",
      "price": 5.22
    },
    {
      "code": "H016",
      "system": "HAKI",
      "name": "Net pr. m2",
      "unit": "stk",
      "price": 2.85
    },
    {
      "code": "H017",
      "system": "HAKI",
      "name": "Plastik pr. m2",
      "unit": "stk",
      "price": 6.84
    },
    {
      "code": "H018",
      "system": "HAKI",
      "name": "SKR 3.0 m rækværk",
      "unit": "stk",
      "price": 5.22
    },
    {
      "code": "H019",
      "system": "HAKI",
      "name": "SKR 1.9 m rækværk",
      "unit": "stk",
      "price": 3.92
    },
    {
      "code": "H020",
      "system": "HAKI",
      "name": "SKR 1.6 m rækværk",
      "unit": "stk",
      "price": 3.92
    },
    {
      "code": "H021",
      "system": "HAKI",
      "name": "SKR 1.2 m rækværk",
      "unit": "stk",
      "price": 3.13
    },
    {
      "code": "H022",
      "system": "HAKI",
      "name": "SKR 1.0 m rækværk",
      "unit": "stk",
      "price": 3.13
    },
    {
      "code": "H023",
      "system": "HAKI",
      "name": "Trappeløb",
      "unit": "stk",
      "price": 51.35
    },
    {
      "code": "H024",
      "system": "HAKI",
      "name": "Trappe gelænder",
      "unit": "stk",
      "price": 13.39
    },
    {
      "code": "H025",
      "system": "HAKI",
      "name": "Bøjleanker",
      "unit": "stk",
      "price": 14.62
    },
    {
      "code": "H026",
      "system": "HAKI",
      "name": "Røranker alu",
      "unit": "stk",
      "price": 14.62
    },
    {
      "code": "H027",
      "system": "HAKI",
      "name": "Røranker stål",
      "unit": "stk",
      "price": 18.79
    },
    {
      "code": "H028",
      "system": "HAKI",
      "name": "Stilladsrør 1M",
      "unit": "stk",
      "price": 5.51
    },
    {
      "code": "H029",
      "system": "HAKI",
      "name": "Stilladsrør 2M",
      "unit": "stk",
      "price": 11.02
    },
    {
      "code": "H030",
      "system": "HAKI",
      "name": "Stilladsrør 3M",
      "unit": "stk",
      "price": 16.53
    },
    {
      "code": "H031",
      "system": "HAKI",
      "name": "Stilladsrør 4M",
      "unit": "stk",
      "price": 22.04
    },
    {
      "code": "H032",
      "system": "HAKI",
      "name": "Stilladsrør 5M",
      "unit": "stk",
      "price": 27.55
    },
    {
      "code": "H033",
      "system": "HAKI",
      "name": "Stilladsrør 6M",
      "unit": "stk",
      "price": 33.94
    },
    {
      "code": "H034",
      "system": "HAKI",
      "name": "Stilladsrør 6M alu",
      "unit": "stk",
      "price": 23.94
    },
    {
      "code": "H035",
      "system": "HAKI",
      "name": "Alu.Drager pr. m.",
      "unit": "stk",
      "price": 17.12
    },
    {
      "code": "H036",
      "system": "HAKI",
      "name": "Diagonalstag 3.0 m",
      "unit": "stk",
      "price": 9.4
    },
    {
      "code": "H037",
      "system": "HAKI",
      "name": "Diagonalstag 1,6 m",
      "unit": "stk",
      "price": 9.4
    },
    {
      "code": "H038",
      "system": "HAKI",
      "name": "Traller 2.2 x 0.35m",
      "unit": "stk",
      "price": 10.44
    },
    {
      "code": "H039",
      "system": "HAKI",
      "name": "Traller 2.2 x 0.5m",
      "unit": "stk",
      "price": 14.62
    },
    {
      "code": "H040",
      "system": "HAKI",
      "name": "Traller 2,2 x 0,5m alu",
      "unit": "stk",
      "price": 10.44
    },
    {
      "code": "H041",
      "system": "HAKI",
      "name": "Kantbrædder",
      "unit": "stk",
      "price": 9.4
    },
    {
      "code": "H042",
      "system": "HAKI",
      "name": "Låsejern",
      "unit": "stk",
      "price": 1.14
    },
    {
      "code": "H043",
      "system": "HAKI",
      "name": "Stiger til 3m",
      "unit": "stk",
      "price": 4.51
    },
    {
      "code": "H044",
      "system": "HAKI",
      "name": "Skaktrør",
      "unit": "stk",
      "price": 38.99
    },
    {
      "code": "H045",
      "system": "HAKI",
      "name": "Tragt",
      "unit": "stk",
      "price": 38.99
    },
    {
      "code": "H046",
      "system": "HAKI",
      "name": "Koblinger fast",
      "unit": "stk",
      "price": 3.99
    },
    {
      "code": "H047",
      "system": "HAKI",
      "name": "Koblinger dreje",
      "unit": "stk",
      "price": 3.99
    },
    {
      "code": "H048",
      "system": "HAKI",
      "name": "Koblinger SK",
      "unit": "stk",
      "price": 3.99
    },
    {
      "code": "H049",
      "system": "HAKI",
      "name": "Koblinger Kipfinger",
      "unit": "stk",
      "price": 3.99
    },
    {
      "code": "H050",
      "system": "HAKI",
      "name": "Koblinger singel",
      "unit": "stk",
      "price": 3.99
    },
    {
      "code": "H051",
      "system": "HAKI",
      "name": "Koblinger samler",
      "unit": "stk",
      "price": 3.99
    },
    {
      "code": "H052",
      "system": "HAKI",
      "name": "Dobbelt tværgelænder",
      "unit": "stk",
      "price": 6.26
    },
    {
      "code": "H053",
      "system": "HAKI",
      "name": "Grønne skilte",
      "unit": "stk",
      "price": 5.15
    },
    {
      "code": "H054",
      "system": "HAKI",
      "name": "Reklameskilt",
      "unit": "stk",
      "price": 9.73
    },
    {
      "code": "H055",
      "system": "HAKI",
      "name": "Kegle uden fod",
      "unit": "stk",
      "price": 6.15
    },
    {
      "code": "H056",
      "system": "HAKI",
      "name": "Kegle med fod",
      "unit": "stk",
      "price": 10.33
    },
    {
      "code": "H057",
      "system": "HAKI",
      "name": "Bræt",
      "unit": "stk",
      "price": 6.28
    },
    {
      "code": "H058",
      "system": "HAKI",
      "name": "Geda hejs",
      "unit": "stk",
      "price": 303.08
    },
    {
      "code": "H059",
      "system": "HAKI",
      "name": "El hejs",
      "unit": "stk",
      "price": 153.07
    },
    {
      "code": "H060",
      "system": "HAKI",
      "name": "Luk af hul",
      "unit": "stk",
      "price": 3.45
    },
    {
      "code": "H061",
      "system": "HAKI",
      "name": "Opskydeligt rækværk",
      "unit": "stk",
      "price": 9.67
    },
    {
      "code": "H062",
      "system": "HAKI",
      "name": "Borring i beton",
      "unit": "stk",
      "price": 11.49
    },
    {
      "code": "H063",
      "system": "HAKI",
      "name": "Huller",
      "unit": "stk",
      "price": 4.7
    },
    {
      "code": "H064",
      "system": "HAKI",
      "name": "Km.",
      "unit": "stk",
      "price": 2.12
    },
    {
      "code": "H065",
      "system": "HAKI",
      "name": "Udd. tillæg 1",
      "unit": "stk",
      "price": 42.98
    },
    {
      "code": "H066",
      "system": "HAKI",
      "name": "Udd. tillæg 2",
      "unit": "stk",
      "price": 49.38
    },
    {
      "code": "H067",
      "system": "HAKI",
      "name": "Mentortillæg",
      "unit": "stk",
      "price": 22.26
    },
    {
      "code": "M001",
      "system": "MODEX",
      "name": "Spindelfod",
      "unit": "stk",
      "price": 2.68
    },
    {
      "code": "M002",
      "system": "MODEX",
      "name": "Begynderstykke",
      "unit": "stk",
      "price": 4.18
    },
    {
      "code": "M003",
      "system": "MODEX",
      "name": "Vertikalstander 300",
      "unit": "stk",
      "price": 25.05
    },
    {
      "code": "M004",
      "system": "MODEX",
      "name": "Vertikalstander 200",
      "unit": "stk",
      "price": 16.7
    },
    {
      "code": "M005",
      "system": "MODEX",
      "name": "Vertikalstander 150",
      "unit": "stk",
      "price": 12.53
    },
    {
      "code": "M006",
      "system": "MODEX",
      "name": "Vertikalstander 100",
      "unit": "stk",
      "price": 8.35
    },
    {
      "code": "M007",
      "system": "MODEX",
      "name": "Horisontalrør 300",
      "unit": "stk",
      "price": 9.4
    },
    {
      "code": "M008",
      "system": "MODEX",
      "name": "Horisontalrør 250",
      "unit": "stk",
      "price": 6.26
    },
    {
      "code": "M009",
      "system": "MODEX",
      "name": "Horisontalrør 200",
      "unit": "stk",
      "price": 6.25
    },
    {
      "code": "M010",
      "system": "MODEX",
      "name": "Horisontalrør 150",
      "unit": "stk",
      "price": 5.23
    },
    {
      "code": "M011",
      "system": "MODEX",
      "name": "Horisontalrør 125",
      "unit": "stk",
      "price": 5.22
    },
    {
      "code": "M012",
      "system": "MODEX",
      "name": "Horisontalrør 113",
      "unit": "stk",
      "price": 5.22
    },
    {
      "code": "M013",
      "system": "MODEX",
      "name": "Horisontalrør  74",
      "unit": "stk",
      "price": 5.22
    },
    {
      "code": "M014",
      "system": "MODEX",
      "name": "U-profil 150",
      "unit": "stk",
      "price": 5.22
    },
    {
      "code": "M015",
      "system": "MODEX",
      "name": "U-profil 113",
      "unit": "stk",
      "price": 5.22
    },
    {
      "code": "M016",
      "system": "MODEX",
      "name": "Løftesikring 113",
      "unit": "stk",
      "price": 3.99
    },
    {
      "code": "M017",
      "system": "MODEX",
      "name": "Løftesikring 150",
      "unit": "stk",
      "price": 3.99
    },
    {
      "code": "M018",
      "system": "MODEX",
      "name": "Diagonal 200/300",
      "unit": "stk",
      "price": 9.4
    },
    {
      "code": "M019",
      "system": "MODEX",
      "name": "Diagonal 200/250",
      "unit": "stk",
      "price": 9.4
    },
    {
      "code": "M020",
      "system": "MODEX",
      "name": "Diagonal 200/200",
      "unit": "stk",
      "price": 9.4
    },
    {
      "code": "M021",
      "system": "MODEX",
      "name": "Diagonal 200/150",
      "unit": "stk",
      "price": 9.4
    },
    {
      "code": "M022",
      "system": "MODEX",
      "name": "Diagonal 200/113",
      "unit": "stk",
      "price": 9.4
    },
    {
      "code": "M023",
      "system": "MODEX",
      "name": "Fodspark 300",
      "unit": "stk",
      "price": 9.4
    },
    {
      "code": "M024",
      "system": "MODEX",
      "name": "Fodspark 250",
      "unit": "stk",
      "price": 8.35
    },
    {
      "code": "M025",
      "system": "MODEX",
      "name": "Fodspark 200",
      "unit": "stk",
      "price": 8.35
    },
    {
      "code": "M026",
      "system": "MODEX",
      "name": "Fodspark 150",
      "unit": "stk",
      "price": 6.26
    },
    {
      "code": "M027",
      "system": "MODEX",
      "name": "Fodspark 125",
      "unit": "stk",
      "price": 6.26
    },
    {
      "code": "M028",
      "system": "MODEX",
      "name": "Stigedæk 3m",
      "unit": "stk",
      "price": 20.88
    },
    {
      "code": "M029",
      "system": "MODEX",
      "name": "Stigedæk 2,5m",
      "unit": "stk",
      "price": 16.71
    },
    {
      "code": "M030",
      "system": "MODEX",
      "name": "Stigedæk 2m",
      "unit": "stk",
      "price": 12.53
    },
    {
      "code": "M031",
      "system": "MODEX",
      "name": "Profildæk 32/300",
      "unit": "stk",
      "price": 15.66
    },
    {
      "code": "M032",
      "system": "MODEX",
      "name": "Profildæk 32/250",
      "unit": "stk",
      "price": 10.44
    },
    {
      "code": "M033",
      "system": "MODEX",
      "name": "Profildæk 32/200",
      "unit": "stk",
      "price": 8.35
    },
    {
      "code": "M034",
      "system": "MODEX",
      "name": "Profildæk 32/150",
      "unit": "stk",
      "price": 6.26
    },
    {
      "code": "M035",
      "system": "MODEX",
      "name": "Profildæk 32/125",
      "unit": "stk",
      "price": 6.26
    },
    {
      "code": "M036",
      "system": "MODEX",
      "name": "Profildæk 32/74",
      "unit": "stk",
      "price": 6.26
    },
    {
      "code": "M037",
      "system": "MODEX",
      "name": "Profildæk 70/300",
      "unit": "stk",
      "price": 16.71
    },
    {
      "code": "M038",
      "system": "MODEX",
      "name": "Profildæk 70/250",
      "unit": "stk",
      "price": 12.53
    },
    {
      "code": "M039",
      "system": "MODEX",
      "name": "Profildæk 70/200",
      "unit": "stk",
      "price": 12.53
    },
    {
      "code": "M040",
      "system": "MODEX",
      "name": "Profildæk 70/150",
      "unit": "stk",
      "price": 8.35
    },
    {
      "code": "M041",
      "system": "MODEX",
      "name": "Profildæk 70/125",
      "unit": "stk",
      "price": 8.35
    },
    {
      "code": "M042",
      "system": "MODEX",
      "name": "Profildæk 70/70",
      "unit": "stk",
      "price": 8.35
    },
    {
      "code": "M043",
      "system": "MODEX",
      "name": "Stilladsrør 1M",
      "unit": "stk",
      "price": 5.51
    },
    {
      "code": "M044",
      "system": "MODEX",
      "name": "Stilladsrør 2M",
      "unit": "stk",
      "price": 11.02
    },
    {
      "code": "M045",
      "system": "MODEX",
      "name": "Stilladsrør 3M",
      "unit": "stk",
      "price": 16.53
    },
    {
      "code": "M046",
      "system": "MODEX",
      "name": "Stilladsrør 4M",
      "unit": "stk",
      "price": 22.04
    },
    {
      "code": "M047",
      "system": "MODEX",
      "name": "Stilladsrør 5M",
      "unit": "stk",
      "price": 27.55
    },
    {
      "code": "M048",
      "system": "MODEX",
      "name": "Stilladsrør 6M",
      "unit": "stk",
      "price": 33.06
    },
    {
      "code": "M049",
      "system": "MODEX",
      "name": "Stilladsrør 6M alu",
      "unit": "stk",
      "price": 23.94
    },
    {
      "code": "M050",
      "system": "MODEX",
      "name": "Klodæk 300/70",
      "unit": "stk",
      "price": 16.71
    },
    {
      "code": "M051",
      "system": "MODEX",
      "name": "Klodæk 250/70",
      "unit": "stk",
      "price": 17.53
    },
    {
      "code": "M052",
      "system": "MODEX",
      "name": "Alutrappe 2m",
      "unit": "stk",
      "price": 51.33
    },
    {
      "code": "M053",
      "system": "MODEX",
      "name": "Gelænder til trappe",
      "unit": "stk",
      "price": 13.39
    },
    {
      "code": "M054",
      "system": "MODEX",
      "name": "Koblinger fast",
      "unit": "stk",
      "price": 3.99
    },
    {
      "code": "M055",
      "system": "MODEX",
      "name": "Koblinger dreje",
      "unit": "stk",
      "price": 3.99
    },
    {
      "code": "M056",
      "system": "MODEX",
      "name": "Koblinger SK",
      "unit": "stk",
      "price": 3.99
    },
    {
      "code": "M057",
      "system": "MODEX",
      "name": "Koblinger Kipfinger",
      "unit": "stk",
      "price": 3.99
    },
    {
      "code": "M058",
      "system": "MODEX",
      "name": "Koblinger singel",
      "unit": "stk",
      "price": 3.99
    },
    {
      "code": "M059",
      "system": "MODEX",
      "name": "Koblinger samler",
      "unit": "stk",
      "price": 3.99
    },
    {
      "code": "M060",
      "system": "MODEX",
      "name": "Bøjleanker",
      "unit": "stk",
      "price": 14.62
    },
    {
      "code": "M061",
      "system": "MODEX",
      "name": "Røranker alu",
      "unit": "stk",
      "price": 14.62
    },
    {
      "code": "M062",
      "system": "MODEX",
      "name": "Røranker stål",
      "unit": "stk",
      "price": 18.79
    },
    {
      "code": "M063",
      "system": "MODEX",
      "name": "Strø / trykudligner",
      "unit": "stk",
      "price": 1.77
    },
    {
      "code": "M064",
      "system": "MODEX",
      "name": "Alu. Drager pr. m.",
      "unit": "stk",
      "price": 17.12
    },
    {
      "code": "M065",
      "system": "MODEX",
      "name": "Grønne skilte",
      "unit": "stk",
      "price": 5.15
    },
    {
      "code": "M066",
      "system": "MODEX",
      "name": "Reklameskilt",
      "unit": "stk",
      "price": 9.73
    },
    {
      "code": "M067",
      "system": "MODEX",
      "name": "Stiger 2m & 3M",
      "unit": "stk",
      "price": 4.51
    },
    {
      "code": "M068",
      "system": "MODEX",
      "name": "Luk af hul",
      "unit": "stk",
      "price": 3.45
    },
    {
      "code": "M069",
      "system": "MODEX",
      "name": "Opskydeligt rækværk",
      "unit": "stk",
      "price": 9.67
    },
    {
      "code": "M070",
      "system": "MODEX",
      "name": "Borring i beton",
      "unit": "stk",
      "price": 11.49
    },
    {
      "code": "M071",
      "system": "MODEX",
      "name": "Huller",
      "unit": "stk",
      "price": 4.7
    },
    {
      "code": "M072",
      "system": "MODEX",
      "name": "Km.",
      "unit": "stk",
      "price": 2.12
    },
    {
      "code": "M073",
      "system": "MODEX",
      "name": "Udd. tillæg 1",
      "unit": "stk",
      "price": 42.98
    },
    {
      "code": "M074",
      "system": "MODEX",
      "name": "Udd. tillæg 2",
      "unit": "stk",
      "price": 49.38
    },
    {
      "code": "M075",
      "system": "MODEX",
      "name": "Mentortillæg",
      "unit": "stk",
      "price": 22.26
    },
    {
      "code": "A001",
      "system": "ALFIX",
      "name": "VARIO spær 4 m",
      "unit": "stk",
      "price": 0
    },
    {
      "code": "A002",
      "system": "ALFIX",
      "name": "VARIO spær 6 m",
      "unit": "stk",
      "price": 0
    },
    {
      "code": "A003",
      "system": "ALFIX",
      "name": "VARIO spær 8 m",
      "unit": "stk",
      "price": 0
    },
    {
      "code": "A004",
      "system": "ALFIX",
      "name": "Alu-drager pr. m",
      "unit": "m",
      "price": 0
    },
    {
      "code": "A005",
      "system": "ALFIX",
      "name": "Kipfinger / beslag",
      "unit": "stk",
      "price": 0
    },
    {
      "code": "A006",
      "system": "ALFIX",
      "name": "Samlebeslag spær",
      "unit": "stk",
      "price": 0
    },
    {
      "code": "A007",
      "system": "ALFIX",
      "name": "Tagdug pr. m²",
      "unit": "m2",
      "price": 0
    },
    {
      "code": "A008",
      "system": "ALFIX",
      "name": "Net pr. m² (Alfix)",
      "unit": "m2",
      "price": 0
    },
    {
      "code": "A009",
      "system": "ALFIX",
      "name": "Ophæng/krog",
      "unit": "stk",
      "price": 0
    },
    {
      "code": "A010",
      "system": "ALFIX",
      "name": "Endebeslag / gavlkit",
      "unit": "stk",
      "price": 0
    }
  ]
}
