{
  "Bosta": [
    {
      "beskrivelse": "Spindelfod kort",
      "pris": 2.675425
    },
    {
      "beskrivelse": "Spindelfod lang",
      "pris": 2.675425
    },
    {
      "beskrivelse": "Vippefod",
      "pris": 4.4305038
    },
    {
      "beskrivelse": "Strø / trykudligner",
      "pris": 1.77
    },
    {
      "beskrivelse": "Ramme 200/70",
      "pris": 16.7053537
    },
    {
      "beskrivelse": "Ramme 150/70",
      "pris": 16.7053537
    },
    {
      "beskrivelse": "Ramme 100/70",
      "pris": 16.7053537
    },
    {
      "beskrivelse": "Ramme 80/70",
      "pris": 16.7053537
    },
    {
      "beskrivelse": "Ramme 66/70",
      "pris": 16.7053537
    },
    {
      "beskrivelse": "Gulvplade 300/70",
      "pris": 16.7053537
    },
    {
      "beskrivelse": "Gulvplade 250/70",
      "pris": 12.5316907
    },
    {
      "beskrivelse": "Gulvplade 200/70",
      "pris": 12.5316907
    },
    {
      "beskrivelse": "Gulvplade 150/70",
      "pris": 8.35
    },
    {
      "beskrivelse": "Gulvplade 125/70",
      "pris": 8.35
    },
    {
      "beskrivelse": "Gulvplade 70/70",
      "pris": 8.35
    },
    {
      "beskrivelse": "Gulvplade 300/35",
      "pris": 8.35
    },
    {
      "beskrivelse": "Gulvplade 250/35",
      "pris": 6.2604945
    },
    {
      "beskrivelse": "Gulvplade 200/35",
      "pris": 6.2604945
    },
    {
      "beskrivelse": "Gulvplade 150/35",
      "pris": 4.18
    },
    {
      "beskrivelse": "Gulvplade 125/35",
      "pris": 4.18
    },
    {
      "beskrivelse": "Stigedæk 300/70",
      "pris": 20.8790167
    },
    {
      "beskrivelse": "Stigedæk 250/70",
      "pris": 16.7053537
    },
    {
      "beskrivelse": "Stigedæk 200/70",
      "pris": 12.5316907
    },
    {
      "beskrivelse": "Ståldæk 300/35",
      "pris": 15.66
    },
    {
      "beskrivelse": "Ståldæk 250/35",
      "pris": 10.4448592
    },
    {
      "beskrivelse": "Ståldæk 200/35",
      "pris": 8.35
    },
    {
      "beskrivelse": "Stige 200",
      "pris": 4.5054157
    },
    {
      "beskrivelse": "Stige 300",
      "pris": 4.5054157
    },
    {
      "beskrivelse": "Stigestøtte",
      "pris": 2.8634
    },
    {
      "beskrivelse": "Diagonaler 200",
      "pris": 9.3960926
    },
    {
      "beskrivelse": "Diagonaler 203",
      "pris": 9.3960926
    },
    {
      "beskrivelse": "Gelænder 125",
      "pris": 3.13
    },
    {
      "beskrivelse": "Gelænder 150",
      "pris": 3.13
    },
    {
      "beskrivelse": "Gelænder 200",
      "pris": 3.9243
    },
    {
      "beskrivelse": "Gelænder 250",
      "pris": 3.9243
    },
    {
      "beskrivelse": "Gelænder 300",
      "pris": 5.2224296
    },
    {
      "beskrivelse": "Tvær Gel. 70",
      "pris": 3.13
    },
    {
      "beskrivelse": "Dob. Tværgelænder",
      "pris": 6.2604945
    },
    {
      "beskrivelse": "Dob. G",
      "pris": 16.7053537
    },
    {
      "beskrivelse": "L Rør",
      "pris": 16.7053537
    },
    {
      "beskrivelse": "B Rør",
      "pris": 8.35
    },
    {
      "beskrivelse": "Konsol 140",
      "pris": 27.5568775
    },
    {
      "beskrivelse": "Konsol 100",
      "pris": 19.2844634
    },
    {
      "beskrivelse": "Konsol 70",
      "pris": 15.1536072
    },
    {
      "beskrivelse": "Konsol 35",
      "pris": 11.03
    },
    {
      "beskrivelse": "Fodspark 300",
      "pris": 9.3960926
    },
    {
      "beskrivelse": "Fodspark 250",
      "pris": 8.35
    },
    {
      "beskrivelse": "Fodspark 200",
      "pris": 8.35
    },
    {
      "beskrivelse": "Fodspark 150",
      "pris": 6.2604945
    },
    {
      "beskrivelse": "Fodspark 125",
      "pris": 6.2604945
    },
    {
      "beskrivelse": "Kanthæk 300",
      "pris": 27.99
    },
    {
      "beskrivelse": "Kanthæk 250",
      "pris": 27.99
    },
    {
      "beskrivelse": "Kanthæk 200",
      "pris": 27.99
    },
    {
      "beskrivelse": "Kanthæk 70",
      "pris": 27.99
    },
    {
      "beskrivelse": "Tværprofil aludr.",
      "pris": 15.1536072
    },
    {
      "beskrivelse": "Alu. Drager pr. m.",
      "pris": 17.12
    },
    {
      "beskrivelse": "Gelændertvinge",
      "pris": 3.9917341
    },
    {
      "beskrivelse": "Tværprofin ram.",
      "pris": 15.1536072
    },
    {
      "beskrivelse": "Dæklås",
      "pris": 3.9917341
    },
    {
      "beskrivelse": "Samlerør til aludr.",
      "pris": 14.26
    },
    {
      "beskrivelse": "Flapper/Singel",
      "pris": 3.9917341
    },
    {
      "beskrivelse": "Fastkobling",
      "pris": 3.9917341
    },
    {
      "beskrivelse": "Drejekobling",
      "pris": 3.9917341
    },
    {
      "beskrivelse": "Kipfingerkobling",
      "pris": 3.9917341
    },
    {
      "beskrivelse": "SK Kobling",
      "pris": 3.9917341
    },
    {
      "beskrivelse": "Rørsamler",
      "pris": 3.9917341
    },
    {
      "beskrivelse": "Stilladsrør 1M",
      "pris": 5.5113755
    },
    {
      "beskrivelse": "Stilladsrør 2M",
      "pris": 11.022751
    },
    {
      "beskrivelse": "Stilladsrør 3M",
      "pris": 16.5341265
    },
    {
      "beskrivelse": "Stilladsrør 4M",
      "pris": 22.04
    },
    {
      "beskrivelse": "Stilladsrør 5M",
      "pris": 27.55
    },
    {
      "beskrivelse": "Stilladsrør 6M",
      "pris": 33.063
    },
    {
      "beskrivelse": "Stilladsrør 6M alu",
      "pris": 23.94
    },
    {
      "beskrivelse": "Bøjleanker",
      "pris": 14.6185222
    },
    {
      "beskrivelse": "Rør anker alu",
      "pris": 14.6185222
    },
    {
      "beskrivelse": "Rør anker stål",
      "pris": 18.7921852
    },
    {
      "beskrivelse": "Reklameskilt",
      "pris": 9.7335
    },
    {
      "beskrivelse": "Grøn skilt",
      "pris": 5.15
    },
    {
      "beskrivelse": "Startprofil til trappe",
      "pris": 4.1308562
    },
    {
      "beskrivelse": "Alu trappeløb",
      "pris": 51.2219
    },
    {
      "beskrivelse": "Gelænder trpl",
      "pris": 13.3878267
    },
    {
      "beskrivelse": "Dobb bundramme",
      "pris": 44.8615264
    },
    {
      "beskrivelse": "Tragt",
      "pris": 38.9862931
    },
    {
      "beskrivelse": "Skaktrør",
      "pris": 38.9855
    },
    {
      "beskrivelse": "Alu.bro pr. m",
      "pris": 15.1204
    },
    {
      "beskrivelse": "Net pr kvm",
      "pris": 2.8466522
    },
    {
      "beskrivelse": "Plast pr kvm",
      "pris": 6.8383863
    },
    {
      "beskrivelse": "Geda hejs",
      "pris": 303.0828457
    },
    {
      "beskrivelse": "El hejs",
      "pris": 153.07
    },
    {
      "beskrivelse": "Kegle u.fod",
      "pris": 6.1491
    },
    {
      "beskrivelse": "Kirkefod",
      "pris": 6.8276846
    },
    {
      "beskrivelse": "Plader pr kvm",
      "pris": 8.2082039
    },
    {
      "beskrivelse": "Planker    M",
      "pris": 12.26
    },
    {
      "beskrivelse": "Hjulkonsoller",
      "pris": 21.424
    },
    {
      "beskrivelse": "Kegle m. fod",
      "pris": 10.33
    },
    {
      "beskrivelse": "Bræt rød/hvid",
      "pris": 6.28
    },
    {
      "beskrivelse": "Luk af hul",
      "pris": 3.45
    },
    {
      "beskrivelse": "Opskydeligt rækværk",
      "pris": 9.67
    },
    {
      "beskrivelse": "Borring i beton",
      "pris": 11.49
    },
    {
      "beskrivelse": "Huller",
      "pris": 4.7
    },
    {
      "beskrivelse": "Km.",
      "pris": 2.12
    },
    {
      "beskrivelse": "Udd. tillæg 1",
      "pris": 42.98
    },
    {
      "beskrivelse": "Udd. tillæg 2",
      "pris": 49.38
    },
    {
      "beskrivelse": "Mentortillæg",
      "pris": 22.26
    }
  ],
  "HAKI": [
    {
      "beskrivelse": "Spindelfod kort",
      "pris": 2.68
    },
    {
      "beskrivelse": "BPF Fodsokkel",
      "pris": 3.04427
    },
    {
      "beskrivelse": "Strø / trykudligner",
      "pris": 1.77
    },
    {
      "beskrivelse": "FS 3,0 m Søjle",
      "pris": 25.05
    },
    {
      "beskrivelse": "FS 2,0 m Søjle",
      "pris": 16.7
    },
    {
      "beskrivelse": "FS 1,5 m Søjle",
      "pris": 12.53
    },
    {
      "beskrivelse": "FS 1.0 m Søjle",
      "pris": 8.35
    },
    {
      "beskrivelse": "FS 0,5 m Søjle",
      "pris": 4.18
    },
    {
      "beskrivelse": "LB 3,0 m bjælke",
      "pris": 17.75
    },
    {
      "beskrivelse": "LB 2,5 m bjælke",
      "pris": 16.71
    },
    {
      "beskrivelse": "TB 1,9 m bjælke",
      "pris": 6.26
    },
    {
      "beskrivelse": "TB 1,6 m bjælke",
      "pris": 6.26
    },
    {
      "beskrivelse": "TB 1,2 m bjælke",
      "pris": 5.22
    },
    {
      "beskrivelse": "TB 1,0 m bjælke",
      "pris": 5.22
    },
    {
      "beskrivelse": "TB 0,5 m bjælke",
      "pris": 5.22
    },
    {
      "beskrivelse": "Net pr. m2",
      "pris": 2.85
    },
    {
      "beskrivelse": "Plastik pr. m2",
      "pris": 6.84
    },
    {
      "beskrivelse": "SKR 3.0 m rækværk",
      "pris": 5.22
    },
    {
      "beskrivelse": "SKR 1.9 m rækværk",
      "pris": 3.92
    },
    {
      "beskrivelse": "SKR 1.6 m rækværk",
      "pris": 3.92
    },
    {
      "beskrivelse": "SKR 1.2 m rækværk",
      "pris": 3.13
    },
    {
      "beskrivelse": "SKR 1.0 m rækværk",
      "pris": 3.13
    },
    {
      "beskrivelse": "Trappeløb",
      "pris": 51.35
    },
    {
      "beskrivelse": "Trappe gelænder",
      "pris": 13.39
    },
    {
      "beskrivelse": "Bøjleanker",
      "pris": 14.62
    },
    {
      "beskrivelse": "Røranker alu",
      "pris": 14.62
    },
    {
      "beskrivelse": "Røranker stål",
      "pris": 18.79
    },
    {
      "beskrivelse": "Stilladsrør 1M",
      "pris": 5.51
    },
    {
      "beskrivelse": "Stilladsrør 2M",
      "pris": 11.02
    },
    {
      "beskrivelse": "Stilladsrør 3M",
      "pris": 16.53
    },
    {
      "beskrivelse": "Stilladsrør 4M",
      "pris": 22.04
    },
    {
      "beskrivelse": "Stilladsrør 5M",
      "pris": 27.55
    },
    {
      "beskrivelse": "Stilladsrør 6M",
      "pris": 33.94
    },
    {
      "beskrivelse": "Stilladsrør 6M alu",
      "pris": 23.94
    },
    {
      "beskrivelse": "Alu.Drager pr. m.",
      "pris": 17.12
    },
    {
      "beskrivelse": "Diagonalstag 3.0 m",
      "pris": 9.4
    },
    {
      "beskrivelse": "Diagonalstag 1,6 m",
      "pris": 9.4
    },
    {
      "beskrivelse": "Traller 2.2 x 0.35m",
      "pris": 10.44
    },
    {
      "beskrivelse": "Traller 2.2 x 0.5m",
      "pris": 14.62
    },
    {
      "beskrivelse": "Traller 2,2 x 0,5m alu",
      "pris": 10.44
    },
    {
      "beskrivelse": "Kantbrædder",
      "pris": 9.4
    },
    {
      "beskrivelse": "Låsejern",
      "pris": 1.14
    },
    {
      "beskrivelse": "Stiger til 3m",
      "pris": 4.51
    },
    {
      "beskrivelse": "Skaktrør",
      "pris": 38.99
    },
    {
      "beskrivelse": "Tragt",
      "pris": 38.99
    },
    {
      "beskrivelse": "Koblinger fast",
      "pris": 3.99
    },
    {
      "beskrivelse": "Koblinger dreje",
      "pris": 3.99
    },
    {
      "beskrivelse": "Koblinger SK",
      "pris": 3.99
    },
    {
      "beskrivelse": "Koblinger Kipfinger",
      "pris": 3.99
    },
    {
      "beskrivelse": "Koblinger singel",
      "pris": 3.99
    },
    {
      "beskrivelse": "Koblinger samler",
      "pris": 3.99
    },
    {
      "beskrivelse": "Dobbelt tværgelænder",
      "pris": 6.26
    },
    {
      "beskrivelse": "Grønne skilte",
      "pris": 5.15
    },
    {
      "beskrivelse": "Reklameskilt",
      "pris": 9.73
    },
    {
      "beskrivelse": "Kegle uden fod",
      "pris": 6.15
    },
    {
      "beskrivelse": "Kegle med fod",
      "pris": 10.33
    },
    {
      "beskrivelse": "Bræt",
      "pris": 6.28
    },
    {
      "beskrivelse": "Geda hejs",
      "pris": 303.08
    },
    {
      "beskrivelse": "El hejs",
      "pris": 153.07
    },
    {
      "beskrivelse": "Luk af hul",
      "pris": 3.45
    },
    {
      "beskrivelse": "Opskydeligt rækværk",
      "pris": 9.67
    },
    {
      "beskrivelse": "Borring i beton",
      "pris": 11.49
    },
    {
      "beskrivelse": "Huller",
      "pris": 4.7
    },
    {
      "beskrivelse": "Km.",
      "pris": 2.12
    },
    {
      "beskrivelse": "Udd. tillæg 1",
      "pris": 42.98
    },
    {
      "beskrivelse": "Udd. tillæg 2",
      "pris": 49.38
    },
    {
      "beskrivelse": "Mentortillæg",
      "pris": 22.26
    }
  ],
  "MODEX": [
    {
      "beskrivelse": "Spindelfod",
      "pris": 2.68
    },
    {
      "beskrivelse": "Begynderstykke",
      "pris": 4.18
    },
    {
      "beskrivelse": "Vertikalstander 300",
      "pris": 25.05
    },
    {
      "beskrivelse": "Vertikalstander 200",
      "pris": 16.7
    },
    {
      "beskrivelse": "Vertikalstander 150",
      "pris": 12.53
    },
    {
      "beskrivelse": "Vertikalstander 100",
      "pris": 8.35
    },
    {
      "beskrivelse": "Horisontalrør 300",
      "pris": 9.4
    },
    {
      "beskrivelse": "Horisontalrør 250",
      "pris": 6.26
    },
    {
      "beskrivelse": "Horisontalrør 200",
      "pris": 6.25
    },
    {
      "beskrivelse": "Horisontalrør 150",
      "pris": 5.23
    },
    {
      "beskrivelse": "Horisontalrør 125",
      "pris": 5.22
    },
    {
      "beskrivelse": "Horisontalrør 113",
      "pris": 5.22
    },
    {
      "beskrivelse": "Horisontalrør  74",
      "pris": 5.22
    },
    {
      "beskrivelse": "U-profil 150",
      "pris": 5.22
    },
    {
      "beskrivelse": "U-profil 113",
      "pris": 5.22
    },
    {
      "beskrivelse": "Løftesikring 113",
      "pris": 3.99
    },
    {
      "beskrivelse": "Løftesikring 150",
      "pris": 3.99
    },
    {
      "beskrivelse": "Diagonal 200/300",
      "pris": 9.4
    },
    {
      "beskrivelse": "Diagonal 200/250",
      "pris": 9.4
    },
    {
      "beskrivelse": "Diagonal 200/200",
      "pris": 9.4
    },
    {
      "beskrivelse": "Diagonal 200/150",
      "pris": 9.4
    },
    {
      "beskrivelse": "Diagonal 200/113",
      "pris": 9.4
    },
    {
      "beskrivelse": "Fodspark 300",
      "pris": 9.4
    },
    {
      "beskrivelse": "Fodspark 250",
      "pris": 8.35
    },
    {
      "beskrivelse": "Fodspark 200",
      "pris": 8.35
    },
    {
      "beskrivelse": "Fodspark 150",
      "pris": 6.26
    },
    {
      "beskrivelse": "Fodspark 125",
      "pris": 6.26
    },
    {
      "beskrivelse": "Stigedæk 3m",
      "pris": 20.88
    },
    {
      "beskrivelse": "Stigedæk 2,5m",
      "pris": 16.71
    },
    {
      "beskrivelse": "Stigedæk 2m",
      "pris": 12.53
    },
    {
      "beskrivelse": "Profildæk 32/300",
      "pris": 15.66
    },
    {
      "beskrivelse": "Profildæk 32/250",
      "pris": 10.44
    },
    {
      "beskrivelse": "Profildæk 32/200",
      "pris": 8.35
    },
    {
      "beskrivelse": "Profildæk 32/150",
      "pris": 6.26
    },
    {
      "beskrivelse": "Profildæk 32/125",
      "pris": 6.26
    },
    {
      "beskrivelse": "Profildæk 32/74",
      "pris": 6.26
    },
    {
      "beskrivelse": "Profildæk 70/300",
      "pris": 16.71
    },
    {
      "beskrivelse": "Profildæk 70/250",
      "pris": 12.53
    },
    {
      "beskrivelse": "Profildæk 70/200",
      "pris": 12.53
    },
    {
      "beskrivelse": "Profildæk 70/150",
      "pris": 8.35
    },
    {
      "beskrivelse": "Profildæk 70/125",
      "pris": 8.35
    },
    {
      "beskrivelse": "Profildæk 70/70",
      "pris": 8.35
    },
    {
      "beskrivelse": "Stilladsrør 1M",
      "pris": 5.51
    },
    {
      "beskrivelse": "Stilladsrør 2M",
      "pris": 11.02
    },
    {
      "beskrivelse": "Stilladsrør 3M",
      "pris": 16.53
    },
    {
      "beskrivelse": "Stilladsrør 4M",
      "pris": 22.04
    },
    {
      "beskrivelse": "Stilladsrør 5M",
      "pris": 27.55
    },
    {
      "beskrivelse": "Stilladsrør 6M",
      "pris": 33.06
    },
    {
      "beskrivelse": "Stilladsrør 6M alu",
      "pris": 23.94
    },
    {
      "beskrivelse": "Klodæk 300/70",
      "pris": 16.71
    },
    {
      "beskrivelse": "Klodæk 250/70",
      "pris": 17.53
    },
    {
      "beskrivelse": "Alutrappe 2m",
      "pris": 51.33
    },
    {
      "beskrivelse": "Gelænder til trappe",
      "pris": 13.39
    },
    {
      "beskrivelse": "Koblinger fast",
      "pris": 3.99
    },
    {
      "beskrivelse": "Koblinger dreje",
      "pris": 3.99
    },
    {
      "beskrivelse": "Koblinger SK",
      "pris": 3.99
    },
    {
      "beskrivelse": "Koblinger Kipfinger",
      "pris": 3.99
    },
    {
      "beskrivelse": "Koblinger singel",
      "pris": 3.99
    },
    {
      "beskrivelse": "Koblinger samler",
      "pris": 3.99
    },
    {
      "beskrivelse": "Bøjleanker",
      "pris": 14.62
    },
    {
      "beskrivelse": "Røranker alu",
      "pris": 14.62
    },
    {
      "beskrivelse": "Røranker stål",
      "pris": 18.79
    },
    {
      "beskrivelse": "Strø / trykudligner",
      "pris": 1.77
    },
    {
      "beskrivelse": "Alu. Drager pr. m.",
      "pris": 17.12
    },
    {
      "beskrivelse": "Grønne skilte",
      "pris": 5.15
    },
    {
      "beskrivelse": "Reklameskilt",
      "pris": 9.73
    },
    {
      "beskrivelse": "Stiger 2m & 3M",
      "pris": 4.51
    },
    {
      "beskrivelse": "Luk af hul",
      "pris": 3.45
    },
    {
      "beskrivelse": "Opskydeligt rækværk",
      "pris": 9.67
    },
    {
      "beskrivelse": "Borring i beton",
      "pris": 11.49
    },
    {
      "beskrivelse": "Huller",
      "pris": 4.7
    },
    {
      "beskrivelse": "Km.",
      "pris": 2.12
    },
    {
      "beskrivelse": "Udd. tillæg 1",
      "pris": 42.98
    },
    {
      "beskrivelse": "Udd. tillæg 2",
      "pris": 49.38
    },
    {
      "beskrivelse": "Mentortillæg",
      "pris": 22.26
    }
  ],
  "Alfix": [
    {
      "beskrivelse": "Kipdrager 4,5 m",
      "pris": 249.66
    },
    {
      "beskrivelse": "4,5 m kederdrager",
      "pris": 175.68
    },
    {
      "beskrivelse": "3 m kededrager",
      "pris": 117.12
    },
    {
      "beskrivelse": "2,25 m kederdrager",
      "pris": 87.84
    },
    {
      "beskrivelse": "1,5 m kederdrager",
      "pris": 58.56
    },
    {
      "beskrivelse": "Horisontal/gelænder",
      "pris": 5.22
    },
    {
      "beskrivelse": "Diagonal",
      "pris": 9.4
    },
    {
      "beskrivelse": "Keder-teltdug pr. m2",
      "pris": 6.42
    },
    {
      "beskrivelse": "Alu drager pr. m",
      "pris": 17.12
    },
    {
      "beskrivelse": "Samlerør til aludrager",
      "pris": 14.26
    },
    {
      "beskrivelse": "Flapper/singel",
      "pris": 3.99
    },
    {
      "beskrivelse": "Fastkobling",
      "pris": 3.99
    },
    {
      "beskrivelse": "Drejekobling",
      "pris": 3.99
    },
    {
      "beskrivelse": "Kipfingerkobling",
      "pris": 3.99
    },
    {
      "beskrivelse": "SK kobling",
      "pris": 3.99
    },
    {
      "beskrivelse": "Rørsamler",
      "pris": 3.99
    },
    {
      "beskrivelse": "Stilladsrør 1M",
      "pris": 5.51
    },
    {
      "beskrivelse": "Stilladsrør 2M",
      "pris": 11.02
    },
    {
      "beskrivelse": "Stilladsrør 3M",
      "pris": 16.53
    },
    {
      "beskrivelse": "Stilladsrør 4M",
      "pris": 22.04
    },
    {
      "beskrivelse": "Stilladsrør 5M",
      "pris": 27.549999999999997
    },
    {
      "beskrivelse": "Stilladsrør 6M",
      "pris": 33.06
    },
    {
      "beskrivelse": "Stilladsrør 6M alu",
      "pris": 23.94
    },
    {
      "beskrivelse": "Dragestyr",
      "pris": 10.13
    },
    {
      "beskrivelse": "Trekantdrager pr. m",
      "pris": 35.53
    },
    {
      "beskrivelse": "Luk af hul",
      "pris": 3.45
    },
    {
      "beskrivelse": "Opskydeligt rækværk",
      "pris": 9.67
    },
    {
      "beskrivelse": "Borring i beton",
      "pris": 11.49
    },
    {
      "beskrivelse": "Huller",
      "pris": 4.7
    },
    {
      "beskrivelse": "Km.",
      "pris": 2.12
    },
    {
      "beskrivelse": "Udd. tillæg 1",
      "pris": 42.98
    },
    {
      "beskrivelse": "Udd. tillæg 2",
      "pris": 49.38
    },
    {
      "beskrivelse": "Mentortillæg",
      "pris": 22.26
    }
  ]
}