{
  "version": "v20251114T030638",
  "cachePrefix": "csmate",
  "cacheName": "csmate-v20251114T030638",
  "precache": [
    {
      "url": "/",
      "file": "app/index.html",
      "aliasFor": "/index.html",
      "exists": true,
      "bytes": 38522,
      "sha256": "ce3b74f262101f51850db68049d12a16c06dd66ede9109b22d30def81969a41b"
    },
    {
      "url": "/?source=pwa",
      "file": "app/index.html",
      "exists": true,
      "bytes": 38522,
      "sha256": "ce3b74f262101f51850db68049d12a16c06dd66ede9109b22d30def81969a41b",
      "duplicateOf": "app/index.html"
    },
    {
      "url": "/index.html",
      "file": "app/index.html",
      "exists": true,
      "bytes": 38522,
      "sha256": "ce3b74f262101f51850db68049d12a16c06dd66ede9109b22d30def81969a41b",
      "duplicateOf": "app/index.html"
    },
    {
      "url": "/main.js",
      "file": "app/main.js",
      "exists": true,
      "bytes": 184317,
      "sha256": "dd123af2a77164f0db254032829b4407c0de948f8ae92c4066d5b4626737c9e8"
    },
    {
      "url": "/style.css",
      "file": "app/style.css",
      "exists": true,
      "bytes": 25821,
      "sha256": "e6aaf1d90ef8cd7d65f6c69b6d01207d6ae9fae85f71b1a064e43b24fa750dd4"
    },
    {
      "url": "/print.css",
      "file": "app/print.css",
      "exists": true,
      "bytes": 110,
      "sha256": "3dc747dc6f471d2311d465320c032f662be9046fe620f9df910a3a5bb685d30b"
    },
    {
      "url": "/css/pwa.css",
      "file": "app/css/pwa.css",
      "exists": true,
      "bytes": 1785,
      "sha256": "37a8f859dac430f8aae98f87a606615ffc90970cae896b1ade319e39d60cf98d"
    },
    {
      "url": "/manifest.json",
      "file": "app/manifest.json",
      "exists": true,
      "bytes": 713,
      "sha256": "c7ba257751fb87edc3e6ab04ad3677011e542e5ab32344d57d455604d3033035"
    },
    {
      "url": "/manifest.webmanifest",
      "file": "app/manifest.webmanifest",
      "exists": true,
      "bytes": 1080,
      "sha256": "25be69be5247a52ab06ca766aded83d1853056a9a3139a7b80b7168982c3b35f"
    },
    {
      "url": "/favicon.ico",
      "file": "public/favicon.ico",
      "exists": true,
      "bytes": 703,
      "sha256": "4e69a5acc6198d9a624ac117c4012069d639fbc80b2e7f9f1d9a1d410e7e7647"
    },
    {
      "url": "/icons/icon-16.png",
      "file": "public/icons/icon-16.png",
      "exists": true,
      "bytes": 224,
      "sha256": "0341f9e4f1aa3ff3c21c0878e0baa0894b61f226c5f683f8fa3736b2a4e72bdf"
    },
    {
      "url": "/icons/icon-32.png",
      "file": "public/icons/icon-32.png",
      "exists": true,
      "bytes": 441,
      "sha256": "c6c104b93be9e58b7e79acf710bc59c572bd38ebd982a9f26188744b8bf2d1bb"
    },
    {
      "url": "/icons/icon-192.png",
      "file": "public/icons/icon-192.png",
      "exists": true,
      "bytes": 1960,
      "sha256": "65302c3b49407735f8a9e9d81b3b00086a78084b15810ca824e4d85a66bfcb23"
    },
    {
      "url": "/icons/icon-192-maskable.png",
      "file": "public/icons/icon-192-maskable.png",
      "exists": true,
      "bytes": 1998,
      "sha256": "b2ff2d4bafca53f60589648c2e20ee716a4abe6604a843dec6da2e83e9aaa0d3"
    },
    {
      "url": "/icons/icon-512.png",
      "file": "public/icons/icon-512.png",
      "exists": true,
      "bytes": 8075,
      "sha256": "44b9cbdcdcd0f38e8574d149a2e8f7f64aa78573dc609d52c26ca88c6cfc24e8"
    },
    {
      "url": "/icons/icon-512-maskable.png",
      "file": "public/icons/icon-512-maskable.png",
      "exists": true,
      "bytes": 8219,
      "sha256": "290fdb63b317909ea9b28541d6285817974a0cdf20add739ab79a8d673e53d15"
    },
    {
      "url": "/src/ui/numpad.css",
      "file": "app/src/ui/numpad.css",
      "exists": true,
      "bytes": 3391,
      "sha256": "31e7621aa85f202905dfd88e7d44c3903bb061366df2b72df8328d3926ed219f"
    },
    {
      "url": "/src/styles/fixes.css",
      "file": "app/src/styles/fixes.css",
      "exists": true,
      "bytes": 6498,
      "sha256": "6b419c75f85b95e5c9003f71d7f9e014b5a7903de22439554e500302f3e4fbc3"
    },
    {
      "url": "/src/globals.js",
      "file": "app/src/globals.js",
      "exists": true,
      "bytes": 6878,
      "sha256": "6f014b30e1199d7bebc02cd8cfd18578ecce6b5dbf1c70e0ad6224dc900fd8b8"
    },
    {
      "url": "/src/dev.js",
      "file": "app/src/dev.js",
      "exists": true,
      "bytes": 14322,
      "sha256": "c3288df1e2d960d050e3d7992a48993e4450b06e9b4dbad2a8a685585b40ac51"
    },
    {
      "url": "/src/dev/panel.js",
      "file": "app/src/dev/panel.js",
      "exists": true,
      "bytes": 8367,
      "sha256": "ef88ec2a5598b3a8135474f7b20391cfe63b06e2153fb6ebf74ba005c76d4bca"
    },
    {
      "url": "/src/keyboard.js",
      "file": "app/src/keyboard.js",
      "exists": true,
      "bytes": 3268,
      "sha256": "7e674105786e1e195dba47e78f0a71b0dcadd2f0264c3369c2f8c11a8462f472"
    },
    {
      "url": "/src/data/materials-static.js",
      "file": "app/src/data/materials-static.js",
      "exists": true,
      "bytes": 16730,
      "sha256": "2072cada70a28c4d4b1bfb30609b4a0109b17fa3d7eb59afcce36b03953146c3"
    },
    {
      "url": "/admin-ui.js",
      "file": "app/admin-ui.js",
      "exists": true,
      "bytes": 19423,
      "sha256": "1854b299376a24513c0d297512c444f240540abc380947dd3726a14ace70bdd0"
    },
    {
      "url": "/job-status.js",
      "file": "app/job-status.js",
      "exists": true,
      "bytes": 2646,
      "sha256": "a7e8d856f287527422f8c45a96322acad1062f3220f083047eb70f438aa0d1a3"
    },
    {
      "url": "/job-admin.js",
      "file": "app/job-admin.js",
      "exists": true,
      "bytes": 342,
      "sha256": "49723f98af66f6d33d6e554c0eda616d316f0a0b4c7ca15e211212468f7151dd"
    },
    {
      "url": "/user-registry.js",
      "file": "app/user-registry.js",
      "exists": true,
      "bytes": 1433,
      "sha256": "eb1d55f99a018cc877706e3dca547e65a206894abf5b638a3199e20bb5ab57ab"
    },
    {
      "url": "/data/firms.json",
      "file": "app/data/firms.json",
      "exists": true,
      "bytes": 213,
      "sha256": "bd92e4a25f1b28763476f6e13076391a39ea43eeae8e22233e9080fbe5ebd23e"
    },
    {
      "url": "/data/templates/index.json",
      "file": "app/data/templates/index.json",
      "exists": true,
      "bytes": 295,
      "sha256": "c341efeb9d7f47ae458996ad71216d813123f45fc4d52854d71bcf0ed9a1c872"
    },
    {
      "url": "/data/templates/default.json",
      "file": "app/data/templates/default.json",
      "exists": true,
      "bytes": 526,
      "sha256": "2772a71e0c9981e3588c0c78b9bb4e9c5e6fdfa5fa80785f2581ba399f3e5b3d"
    },
    {
      "url": "/data/templates/hulmose.json",
      "file": "app/data/templates/hulmose.json",
      "exists": true,
      "bytes": 1291,
      "sha256": "d3f03fc750a4cbc37e065ceb42d067273012fcdc7d2d8e5f7963e4e2a8dfeb2c"
    }
  ],
  "dataMatchers": [
    "/\\/data\\//",
    "/\\.json(?:\\?|$)/i"
  ]
}
